<?xml version="1.0" encoding="utf-8" ?>
<dwsync>
<file name="nopic.png" server="C:/wamp/www/uni_project/" local="130986264638492211" remote="130986264630000000" Dst="1" />
<file name="logo.png" server="C:/wamp/www/uni_project/" local="130988987387991468" remote="130988987380000000" Dst="1" />
<file name="digikala-logo-slogan.png" server="C:/wamp/www/uni_project/" local="130931684881381996" remote="130931684880000000" Dst="2" />
<file name="Sony_Xperia_C5_Ultra_Review.jpg" server="C:/wamp/www/uni_project/" local="130931684876721819" remote="130931684870000000" Dst="1" />
<file name="HD (96).jpg" server="C:/wamp/www/uni_project/" local="130519068617337283" remote="130519068610000000" Dst="1" />
<file name="HD (97).jpg" server="C:/wamp/www/uni_project/" local="130519067929589490" remote="130519067920000000" Dst="2" />
<file name="HD (90).jpg" server="C:/wamp/www/uni_project/" local="130519071012962417" remote="130519071010000000" Dst="2" />
<file name="869b569b-310d-4268-9cc0-a9052b961a0a.jpg" server="C:/wamp/www/uni_project/" local="130931684885787105" remote="130931684880000000" Dst="1" />
<file name="bb693031-a89b-4190-8d2e-980ae16a2860.jpg" server="C:/wamp/www/uni_project/" local="130926711428924490" remote="130926711420000000" Dst="1" />
<file name="namad2.png" server="C:/wamp/www/uni_project/" local="130931684883195448" remote="130931684880000000" Dst="1" />
<file name="1f6a56c3-80a1-42a4-91a6-410d1a0f06cb.jpg" server="C:/wamp/www/uni_project/" local="130926711431424619" remote="130926711430000000" Dst="1" />
<file name="HD (92).jpg" server="C:/wamp/www/uni_project/" local="130519072080032693" remote="130519072080000000" Dst="2" />
<file name="Sony_Xperia_Z5_Review.jpg" server="C:/wamp/www/uni_project/" local="130926711436893658" remote="130926711430000000" Dst="1" />
<file name="ico-usp-1.png" server="C:/wamp/www/uni_project/" local="130932971243361986" remote="130932971240000000" Dst="1" />
<file name="ico-usp-2.png" server="C:/wamp/www/uni_project/" local="130932971241120911" remote="130932971240000000" Dst="1" />
<file name="ico-usp-3.png" server="C:/wamp/www/uni_project/" local="130932971241070462" remote="130932971240000000" Dst="1" />
<file name="ico-usp-4.png" server="C:/wamp/www/uni_project/" local="130932971238514839" remote="130932971230000000" Dst="1" />
<file name="ico-usp-5.png" server="C:/wamp/www/uni_project/" local="130932971245353310" remote="130932971240000000" Dst="1" />
<file name="Computer-HDD-Silicon-Armor-A80-1TB030b68.jpg" server="C:/wamp/www/uni_project/" local="130932971245563440" remote="130932971240000000" Dst="1" />
<file name="arrow3-sprite.png" server="C:/wamp/www/uni_project/" local="129459418640000000" remote="129459418640000000" Dst="2" />
<file name="Computer-External-HDD-Western-Digital-My-Passport-Ultra-Prem.jpg" server="C:/wamp/www/uni_project/" local="130932971242751580" remote="130932971240000000" Dst="1" />
<file name="Computer-HDD-WD-Elements-Portable-1TBa1558e.jpg" server="C:/wamp/www/uni_project/" local="130932971245433358" remote="130932971240000000" Dst="1" />
<file name="Computer-Net-D-Link-DSL-2740U-ADSL2-Plus-Modem-with-Wireless.jpg" server="C:/wamp/www/uni_project/" local="130932971239139870" remote="130932971230000000" Dst="1" />
<file name="Computer-Net-D-Link-DSL-2750U-New9210c5.jpg" server="C:/wamp/www/uni_project/" local="130932971244582798" remote="130932971240000000" Dst="1" />
<file name="Mobile-LG-L70-Dual-D325d3ffd2.jpg" server="C:/wamp/www/uni_project/" local="130932971244092466" remote="130932971240000000" Dst="1" />
<file name="Mobile-Samsung-Galaxy-S3-I9300I-Dual-SIM0102e8.jpg" server="C:/wamp/www/uni_project/" local="130932971240570129" remote="130932971240000000" Dst="1" />
<file name="Mobile-Samsung-Galaxy-Star-Plus-S7262-Dual-SIM3eccab.jpg" server="C:/wamp/www/uni_project/" local="130932971246892827" remote="130932971240000000" Dst="1" />
<file name="Music-Instrument-Accessories-Keyboard-Bench-Roway-BH-404-bk1.jpg" server="C:/wamp/www/uni_project/" local="130932971242991734" remote="130932971240000000" Dst="1" />
<file name="Notebook-Lenovo-E5080-A04c9ac.jpg" server="C:/wamp/www/uni_project/" local="130932971239921164" remote="130932971230000000" Dst="1" />
<file name="Phone-Panasonic-KX-TG3611BXf66ccc.jpg" server="C:/wamp/www/uni_project/" local="130932971238827359" remote="130932971230000000" Dst="1" />
<file name="Tablet-Lenovo-IdeaTab-A3000-Dual-SIM-3G-16GB8e7dec.jpg" server="C:/wamp/www/uni_project/" local="130932971238671102" remote="130932971230000000" Dst="1" />
<file name="facebook.png" server="C:/wamp/www/uni_project/" local="129621106940000000" remote="129621106940000000" Dst="2" />
<file name="linkedin.png" server="C:/wamp/www/uni_project/" local="129621106940000000" remote="129621106940000000" Dst="2" />
<file name="twitter.png" server="C:/wamp/www/uni_project/" local="129621106940000000" remote="129621106940000000" Dst="2" />
<file name="skype.png" server="C:/wamp/www/uni_project/" local="129621106940000000" remote="129621106940000000" Dst="2" />
<file name="tumbler.png" server="C:/wamp/www/uni_project/" local="129621106940000000" remote="129621106940000000" Dst="1" />
<file name="rss.png" server="C:/wamp/www/uni_project/" local="129621106940000000" remote="129621106940000000" Dst="2" />
<file name="bubbleButton.png" server="C:/wamp/www/uni_project/" local="130029549760000000" remote="130029549760000000" Dst="2" />
<file name="sliderHandler.png" server="C:/wamp/www/uni_project/" local="130029549880000000" remote="130029549880000000" Dst="2" />
<file name="ui-bg_glass_95_fef1ec_1x400.png" server="C:/wamp/www/uni_project/" local="130029549880000000" remote="130029549880000000" Dst="2" />
<file name="modalClose.png" server="C:/wamp/www/uni_project/" local="130029549880000000" remote="130029549880000000" Dst="2" />
<file name="spinnerArrows.png" server="C:/wamp/www/uni_project/" local="130029549880000000" remote="130029549880000000" Dst="2" />
<file name="ui-bg_flat_0_aaaaaa_5F40x100.png" server="C:/wamp/www/uni_project/" local="130029549860000000" remote="130029549860000000" Dst="1" />
<file name="handler.png" server="C:/wamp/www/uni_project/" local="130029549800000000" remote="130029549800000000" Dst="1" />
<file name="no.png" server="C:/wamp/www/uni_project/" local="130029549820000000" remote="130029549820000000" Dst="1" />
<file name="offlineLight.png" server="C:/wamp/www/uni_project/" local="130029549820000000" remote="130029549820000000" Dst="1" />
<file name="onlineLight.png" server="C:/wamp/www/uni_project/" local="130029549820000000" remote="130029549820000000" Dst="1" />
<file name="yes.png" server="C:/wamp/www/uni_project/" local="130029549820000000" remote="130029549820000000" Dst="1" />
<file name="arrow3-sprite.png" server="C:/xampp/htdocs/uni_project" local="129459418640000000" remote="129459418640000000" Dst="2" />
<file name="digikala-logo-slogan.png" server="C:/xampp/htdocs/uni_project" local="130931684881381996" remote="130931684880000000" Dst="2" />
<file name="HD (92).jpg" server="C:/xampp/htdocs/uni_project" local="130519072080032693" remote="130519072080000000" Dst="2" />
<file name="HD (96).jpg" server="C:/xampp/htdocs/uni_project" local="130519068617337283" remote="130519068610000000" Dst="2" />
<file name="ico-usp-1.png" server="C:/xampp/htdocs/uni_project" local="130932971243361986" remote="130932971240000000" Dst="2" />
<file name="ico-usp-2.png" server="C:/xampp/htdocs/uni_project" local="130932971241120911" remote="130932971240000000" Dst="2" />
<file name="ico-usp-3.png" server="C:/xampp/htdocs/uni_project" local="130932971241070462" remote="130932971240000000" Dst="2" />
<file name="ico-usp-4.png" server="C:/xampp/htdocs/uni_project" local="130932971238514839" remote="130932971230000000" Dst="2" />
<file name="ico-usp-5.png" server="C:/xampp/htdocs/uni_project" local="130932971245353310" remote="130932971240000000" Dst="2" />
<file name="HD (97).jpg" server="C:/xampp/htdocs/uni_project" local="130519067929589490" remote="130519067920000000" Dst="2" />
<file name="HD (90).jpg" server="C:/xampp/htdocs/uni_project" local="130519071012962417" remote="130519071010000000" Dst="2" />
<file name="869b569b-310d-4268-9cc0-a9052b961a0a.jpg" server="C:/xampp/htdocs/uni_project" local="130931684885787105" remote="130931684880000000" Dst="2" />
<file name="bb693031-a89b-4190-8d2e-980ae16a2860.jpg" server="C:/xampp/htdocs/uni_project" local="130926711428924490" remote="130926711420000000" Dst="2" />
<file name="namad2.png" server="C:/xampp/htdocs/uni_project" local="130931684883195448" remote="130931684880000000" Dst="2" />
<file name="facebook.png" server="C:/xampp/htdocs/uni_project" local="129621106940000000" remote="129621106940000000" Dst="2" />
<file name="linkedin.png" server="C:/xampp/htdocs/uni_project" local="129621106940000000" remote="129621106940000000" Dst="2" />
<file name="twitter.png" server="C:/xampp/htdocs/uni_project" local="129621106940000000" remote="129621106940000000" Dst="2" />
<file name="skype.png" server="C:/xampp/htdocs/uni_project" local="129621106940000000" remote="129621106940000000" Dst="2" />
<file name="rss.png" server="C:/xampp/htdocs/uni_project" local="129621106940000000" remote="129621106940000000" Dst="2" />
<file name="1f6a56c3-80a1-42a4-91a6-410d1a0f06cb.jpg" server="C:/xampp/htdocs/uni_project/" local="130926711431424619" remote="130926711430000000" Dst="2" />
<file name="869b569b-310d-4268-9cc0-a9052b961a0a.jpg" server="C:/xampp/htdocs/uni_project/" local="130931684885787105" remote="130931684880000000" Dst="2" />
<file name="arrow3-sprite.png" server="C:/xampp/htdocs/uni_project/" local="129459418640000000" remote="129459418640000000" Dst="2" />
<file name="bb693031-a89b-4190-8d2e-980ae16a2860.jpg" server="C:/xampp/htdocs/uni_project/" local="130926711428924490" remote="130926711420000000" Dst="2" />
<file name="bubbleButton.png" server="C:/xampp/htdocs/uni_project/" local="130029549760000000" remote="130029549760000000" Dst="2" />
<file name="Computer-External-HDD-Western-Digital-My-Passport-Ultra-Prem.jpg" server="C:/xampp/htdocs/uni_project/" local="130932971242751580" remote="130932971240000000" Dst="2" />
<file name="Computer-HDD-Silicon-Armor-A80-1TB030b68.jpg" server="C:/xampp/htdocs/uni_project/" local="130932971245563440" remote="130932971240000000" Dst="2" />
<file name="Computer-HDD-WD-Elements-Portable-1TBa1558e.jpg" server="C:/xampp/htdocs/uni_project/" local="130932971245433358" remote="130932971240000000" Dst="2" />
<file name="Computer-Net-D-Link-DSL-2740U-ADSL2-Plus-Modem-with-Wireless.jpg" server="C:/xampp/htdocs/uni_project/" local="130932971239139870" remote="130932971230000000" Dst="2" />
<file name="Computer-Net-D-Link-DSL-2750U-New9210c5.jpg" server="C:/xampp/htdocs/uni_project/" local="130932971244582798" remote="130932971240000000" Dst="2" />
<file name="digikala-logo-slogan.png" server="C:/xampp/htdocs/uni_project/" local="130931684881381996" remote="130931684880000000" Dst="2" />
<file name="facebook.png" server="C:/xampp/htdocs/uni_project/" local="129621106940000000" remote="129621106940000000" Dst="2" />
<file name="handler.png" server="C:/xampp/htdocs/uni_project/" local="130029549800000000" remote="130029549800000000" Dst="2" />
<file name="HD (90).jpg" server="C:/xampp/htdocs/uni_project/" local="130519071012962417" remote="130519071010000000" Dst="2" />
<file name="HD (92).jpg" server="C:/xampp/htdocs/uni_project/" local="130519072080032693" remote="130519072080000000" Dst="2" />
<file name="HD (96).jpg" server="C:/xampp/htdocs/uni_project/" local="130519068617337283" remote="130519068610000000" Dst="2" />
<file name="HD (97).jpg" server="C:/xampp/htdocs/uni_project/" local="130519067929589490" remote="130519067920000000" Dst="2" />
<file name="ico-usp-1.png" server="C:/xampp/htdocs/uni_project/" local="130932971243361986" remote="130932971240000000" Dst="2" />
<file name="ico-usp-2.png" server="C:/xampp/htdocs/uni_project/" local="130932971241120911" remote="130932971240000000" Dst="2" />
<file name="ico-usp-3.png" server="C:/xampp/htdocs/uni_project/" local="130932971241070462" remote="130932971240000000" Dst="2" />
<file name="ico-usp-4.png" server="C:/xampp/htdocs/uni_project/" local="130932971238514839" remote="130932971230000000" Dst="2" />
<file name="ico-usp-5.png" server="C:/xampp/htdocs/uni_project/" local="130932971245353310" remote="130932971240000000" Dst="2" />
<file name="linkedin.png" server="C:/xampp/htdocs/uni_project/" local="129621106940000000" remote="129621106940000000" Dst="2" />
<file name="logo.png" server="C:/xampp/htdocs/uni_project/" local="130988987387991468" remote="130988987380000000" Dst="2" />
<file name="Mobile-LG-L70-Dual-D325d3ffd2.jpg" server="C:/xampp/htdocs/uni_project/" local="130932971244092466" remote="130932971240000000" Dst="2" />
<file name="Mobile-Samsung-Galaxy-S3-I9300I-Dual-SIM0102e8.jpg" server="C:/xampp/htdocs/uni_project/" local="130932971240570129" remote="130932971240000000" Dst="2" />
<file name="Mobile-Samsung-Galaxy-Star-Plus-S7262-Dual-SIM3eccab.jpg" server="C:/xampp/htdocs/uni_project/" local="130932971246892827" remote="130932971240000000" Dst="2" />
<file name="modalClose.png" server="C:/xampp/htdocs/uni_project/" local="130029549880000000" remote="130029549880000000" Dst="2" />
<file name="Music-Instrument-Accessories-Keyboard-Bench-Roway-BH-404-bk1.jpg" server="C:/xampp/htdocs/uni_project/" local="130932971242991734" remote="130932971240000000" Dst="2" />
<file name="namad2.png" server="C:/xampp/htdocs/uni_project/" local="130931684883195448" remote="130931684880000000" Dst="2" />
<file name="no.png" server="C:/xampp/htdocs/uni_project/" local="130029549820000000" remote="130029549820000000" Dst="2" />
<file name="nopic.png" server="C:/xampp/htdocs/uni_project/" local="130986264638492211" remote="130986264630000000" Dst="2" />
<file name="Notebook-Lenovo-E5080-A04c9ac.jpg" server="C:/xampp/htdocs/uni_project/" local="130932971239921164" remote="130932971230000000" Dst="2" />
<file name="offlineLight.png" server="C:/xampp/htdocs/uni_project/" local="130029549820000000" remote="130029549820000000" Dst="2" />
<file name="onlineLight.png" server="C:/xampp/htdocs/uni_project/" local="130029549820000000" remote="130029549820000000" Dst="2" />
<file name="Phone-Panasonic-KX-TG3611BXf66ccc.jpg" server="C:/xampp/htdocs/uni_project/" local="130932971238827359" remote="130932971230000000" Dst="2" />
<file name="rss.png" server="C:/xampp/htdocs/uni_project/" local="129621106940000000" remote="129621106940000000" Dst="2" />
<file name="skype.png" server="C:/xampp/htdocs/uni_project/" local="129621106940000000" remote="129621106940000000" Dst="2" />
<file name="sliderHandler.png" server="C:/xampp/htdocs/uni_project/" local="130029549880000000" remote="130029549880000000" Dst="2" />
<file name="Sony_Xperia_C5_Ultra_Review.jpg" server="C:/xampp/htdocs/uni_project/" local="130931684876721819" remote="130931684870000000" Dst="2" />
<file name="Sony_Xperia_Z5_Review.jpg" server="C:/xampp/htdocs/uni_project/" local="130926711436893658" remote="130926711430000000" Dst="2" />
<file name="spinnerArrows.png" server="C:/xampp/htdocs/uni_project/" local="130029549880000000" remote="130029549880000000" Dst="2" />
<file name="Tablet-Lenovo-IdeaTab-A3000-Dual-SIM-3G-16GB8e7dec.jpg" server="C:/xampp/htdocs/uni_project/" local="130932971238671102" remote="130932971230000000" Dst="2" />
<file name="tumbler.png" server="C:/xampp/htdocs/uni_project/" local="129621106940000000" remote="129621106940000000" Dst="2" />
<file name="twitter.png" server="C:/xampp/htdocs/uni_project/" local="129621106940000000" remote="129621106940000000" Dst="2" />
<file name="ui-bg_flat_0_aaaaaa_5F40x100.png" server="C:/xampp/htdocs/uni_project/" local="130029549860000000" remote="130029549860000000" Dst="2" />
<file name="ui-bg_glass_95_fef1ec_1x400.png" server="C:/xampp/htdocs/uni_project/" local="130029549880000000" remote="130029549880000000" Dst="2" />
<file name="yes.png" server="C:/xampp/htdocs/uni_project/" local="130029549820000000" remote="130029549820000000" Dst="2" />
<file name="fog-1208290_960_720.jpg" server="C:/xampp/htdocs/uni_project/" local="131035406818008649" remote="131035406810000000" Dst="2" />
<file name="sidebar-5.jpg" server="C:/xampp/htdocs/uni_project/" local="131035413336146585" remote="131035413330000000" Dst="2" />
</dwsync>