<?xml version="1.0" encoding="utf-8" ?>
<dwsync>
<file name="Adobe.Arabic.otf" server="C:/wamp/www/uni_project/" local="130986216377806603" remote="130986216370000000" Dst="2" />
<file name="A.khat.khat.ttf" server="C:/wamp/www/uni_project/" local="130986216379212920" remote="130986216370000000" Dst="1" />
<file name="A.Sane.Jaleh.ttf" server="C:/wamp/www/uni_project/" local="130986216378900419" remote="130986216370000000" Dst="1" />
<file name="A.Shablon.Cut.ttf" server="C:/wamp/www/uni_project/" local="130986216378119119" remote="130986216370000000" Dst="1" />
<file name="B Traffic.ttf" server="C:/wamp/www/uni_project/" local="130986216377181565" remote="130986216370000000" Dst="1" />
<file name="BYekan.ttf" server="C:/wamp/www/uni_project/" local="130988883007652341" remote="130988883000000000" Dst="2" />
<file name="BYekan.ttf" server="C:/xampp/htdocs/uni_project" local="130988883007652341" remote="130988883000000000" Dst="2" />
<file name="Adobe.Arabic.otf" server="C:/xampp/htdocs/uni_project" local="130986216377806603" remote="130986216370000000" Dst="2" />
<file name="A.khat.khat.ttf" server="C:/xampp/htdocs/uni_project/" local="130986216379212920" remote="130986216370000000" Dst="2" />
<file name="A.Sane.Jaleh.ttf" server="C:/xampp/htdocs/uni_project/" local="130986216378900419" remote="130986216370000000" Dst="2" />
<file name="A.Shablon.Cut.ttf" server="C:/xampp/htdocs/uni_project/" local="130986216378119119" remote="130986216370000000" Dst="2" />
<file name="Adobe.Arabic.otf" server="C:/xampp/htdocs/uni_project/" local="130986216377806603" remote="130986216370000000" Dst="2" />
<file name="B Traffic.ttf" server="C:/xampp/htdocs/uni_project/" local="130986216377181565" remote="130986216370000000" Dst="2" />
<file name="BYekan.ttf" server="C:/xampp/htdocs/uni_project/" local="130988883007652341" remote="130988883000000000" Dst="2" />
</dwsync>