<?xml version="1.0" encoding="utf-8" ?>
<dwsync>
<file name="bootstrap.js" server="C:/wamp/www/my_first_responsive_web/" local="130972360574080176" remote="130972360570000000" Dst="1" />
<file name="bootstrap.min.js" server="C:/wamp/www/my_first_responsive_web/" local="130972360574236465" remote="130972360570000000" Dst="1" />
<file name="npm.js" server="C:/wamp/www/my_first_responsive_web/" local="130972360574705208" remote="130972360570000000" Dst="1" />
<file name="bootstrap.js" server="C:/wamp/www/uni_project/" local="130972360574080176" remote="130972360570000000" Dst="1" />
<file name="bootstrap.min.js" server="C:/wamp/www/uni_project/" local="130972360574236465" remote="130972360570000000" Dst="2" />
<file name="npm.js" server="C:/wamp/www/uni_project/" local="130972360574705208" remote="130972360570000000" Dst="1" />
<file name="jquery-1.11.1.min.js" server="C:/wamp/www/uni_project/" local="130972360574705208" remote="130972360570000000" Dst="1" />
<file name="bootstrap.min.js" server="C:/xampp/htdocs/uni_project" local="130972360574236465" remote="130972360570000000" Dst="2" />
<file name="bootstrap.js" server="C:/xampp/htdocs/uni_project/" local="130972360574080176" remote="130972360570000000" Dst="2" />
<file name="bootstrap.min.js" server="C:/xampp/htdocs/uni_project/" local="130972360574236465" remote="130972360570000000" Dst="2" />
<file name="jquery-1.11.1.min.js" server="C:/xampp/htdocs/uni_project/" local="130972360574705208" remote="130972360570000000" Dst="2" />
<file name="npm.js" server="C:/xampp/htdocs/uni_project/" local="130972360574705208" remote="130972360570000000" Dst="2" />
</dwsync>