<?xml version="1.0" encoding="utf-8" ?>
<dwsync>
<file name="font-awesome.scss" server="C:/wamp/www/uni_project/" local="130986216385150724" remote="130986216380000000" Dst="1" />
<file name="_animated.scss" server="C:/wamp/www/uni_project/" local="130986216385307141" remote="130986216380000000" Dst="1" />
<file name="_bordered-pulled.scss" server="C:/wamp/www/uni_project/" local="130986216385619503" remote="130986216380000000" Dst="1" />
<file name="_core.scss" server="C:/wamp/www/uni_project/" local="130986216385775782" remote="130986216380000000" Dst="1" />
<file name="_fixed-width.scss" server="C:/wamp/www/uni_project/" local="130986216385775782" remote="130986216380000000" Dst="1" />
<file name="_icons.scss" server="C:/wamp/www/uni_project/" local="130986216385932261" remote="130986216380000000" Dst="1" />
<file name="_larger.scss" server="C:/wamp/www/uni_project/" local="130986216386088267" remote="130986216380000000" Dst="1" />
<file name="_list.scss" server="C:/wamp/www/uni_project/" local="130986216386088267" remote="130986216380000000" Dst="1" />
<file name="_mixins.scss" server="C:/wamp/www/uni_project/" local="130986216386244777" remote="130986216380000000" Dst="1" />
<file name="_path.scss" server="C:/wamp/www/uni_project/" local="130986216386713310" remote="130986216380000000" Dst="1" />
<file name="_rotated-flipped.scss" server="C:/wamp/www/uni_project/" local="130986216387494754" remote="130986216380000000" Dst="1" />
<file name="_stacked.scss" server="C:/wamp/www/uni_project/" local="130986216387650868" remote="130986216380000000" Dst="1" />
<file name="_variables.scss" server="C:/wamp/www/uni_project/" local="130986216388119683" remote="130986216380000000" Dst="1" />
<file name="font-awesome.scss" server="C:/xampp/htdocs/uni_project/" local="130986216385150724" remote="130986216380000000" Dst="2" />
<file name="_animated.scss" server="C:/xampp/htdocs/uni_project/" local="130986216385307141" remote="130986216380000000" Dst="2" />
<file name="_bordered-pulled.scss" server="C:/xampp/htdocs/uni_project/" local="130986216385619503" remote="130986216380000000" Dst="2" />
<file name="_core.scss" server="C:/xampp/htdocs/uni_project/" local="130986216385775782" remote="130986216380000000" Dst="2" />
<file name="_fixed-width.scss" server="C:/xampp/htdocs/uni_project/" local="130986216385775782" remote="130986216380000000" Dst="2" />
<file name="_icons.scss" server="C:/xampp/htdocs/uni_project/" local="130986216385932261" remote="130986216380000000" Dst="2" />
<file name="_larger.scss" server="C:/xampp/htdocs/uni_project/" local="130986216386088267" remote="130986216380000000" Dst="2" />
<file name="_list.scss" server="C:/xampp/htdocs/uni_project/" local="130986216386088267" remote="130986216380000000" Dst="2" />
<file name="_mixins.scss" server="C:/xampp/htdocs/uni_project/" local="130986216386244777" remote="130986216380000000" Dst="2" />
<file name="_path.scss" server="C:/xampp/htdocs/uni_project/" local="130986216386713310" remote="130986216380000000" Dst="2" />
<file name="_rotated-flipped.scss" server="C:/xampp/htdocs/uni_project/" local="130986216387494754" remote="130986216380000000" Dst="2" />
<file name="_stacked.scss" server="C:/xampp/htdocs/uni_project/" local="130986216387650868" remote="130986216380000000" Dst="2" />
<file name="_variables.scss" server="C:/xampp/htdocs/uni_project/" local="130986216388119683" remote="130986216380000000" Dst="2" />
</dwsync>