<?xml version="1.0" encoding="utf-8" ?>
<dwsync>
<file name="bootstrap.css" server="C:/wamp/www/my_first_responsive_web/" local="130972510793981612" remote="130972510790000000" Dst="1" />
<file name="bootstrap.min.css" server="C:/wamp/www/my_first_responsive_web/" local="130972513545264097" remote="130972513540000000" Dst="1" />
<file name="bootstrap-rtl.css" server="C:/wamp/www/my_first_responsive_web/" local="130972360571111445" remote="130972360570000000" Dst="1" />
<file name="bootstrap-theme.css" server="C:/wamp/www/my_first_responsive_web/" local="130972360571424032" remote="130972360570000000" Dst="1" />
<file name="bootstrap-theme.css.map" server="C:/wamp/www/my_first_responsive_web/" local="130972360571580054" remote="130972360570000000" Dst="1" />
<file name="bootstrap-theme.min.css" server="C:/wamp/www/my_first_responsive_web/" local="130972360571736312" remote="130972360570000000" Dst="1" />
<file name="bootstrap-theme.min.css.map" server="C:/wamp/www/my_first_responsive_web/" local="130972360571892570" remote="130972360570000000" Dst="1" />
<file name="bootstrap.css.map" server="C:/wamp/www/my_first_responsive_web/" local="130972360572048992" remote="130972360570000000" Dst="1" />
<file name="bootstrap.min.css.map" server="C:/wamp/www/my_first_responsive_web/" local="130972360572361339" remote="130972360570000000" Dst="1" />
<file name="bootstrap-rtl.css" server="C:/wamp/www/uni_project/" local="130972360571111445" remote="130972360570000000" Dst="2" />
<file name="bootstrap-theme.css" server="C:/wamp/www/uni_project/" local="130972360571424032" remote="130972360570000000" Dst="1" />
<file name="bootstrap-theme.css.map" server="C:/wamp/www/uni_project/" local="130972360571580054" remote="130972360570000000" Dst="1" />
<file name="bootstrap-theme.min.css" server="C:/wamp/www/uni_project/" local="130972360571736312" remote="130972360570000000" Dst="1" />
<file name="bootstrap-theme.min.css.map" server="C:/wamp/www/uni_project/" local="130972360571892570" remote="130972360570000000" Dst="1" />
<file name="bootstrap.css" server="C:/wamp/www/uni_project/" local="130972510793981612" remote="130972510790000000" Dst="1" />
<file name="bootstrap.css.map" server="C:/wamp/www/uni_project/" local="130972360572048992" remote="130972360570000000" Dst="1" />
<file name="bootstrap.min.css" server="C:/wamp/www/uni_project/" local="130990479707725526" remote="130990479700000000" Dst="2" />
<file name="bootstrap.min.css.map" server="C:/wamp/www/uni_project/" local="130972360572361339" remote="130972360570000000" Dst="1" />
<file name="bootstrap.min.css" server="C:/xampp/htdocs/uni_project" local="130990479707725526" remote="130990479700000000" Dst="2" />
<file name="bootstrap-rtl.css" server="C:/xampp/htdocs/uni_project" local="130972360571111445" remote="130972360570000000" Dst="2" />
<file name="bootstrap-rtl.css" server="C:/xampp/htdocs/uni_project/" local="130972360571111445" remote="130972360570000000" Dst="2" />
<file name="bootstrap-theme.css" server="C:/xampp/htdocs/uni_project/" local="130972360571424032" remote="130972360570000000" Dst="2" />
<file name="bootstrap-theme.css.map" server="C:/xampp/htdocs/uni_project/" local="130972360571580054" remote="130972360570000000" Dst="2" />
<file name="bootstrap-theme.min.css" server="C:/xampp/htdocs/uni_project/" local="130972360571736312" remote="130972360570000000" Dst="2" />
<file name="bootstrap-theme.min.css.map" server="C:/xampp/htdocs/uni_project/" local="130972360571892570" remote="130972360570000000" Dst="2" />
<file name="bootstrap.css" server="C:/xampp/htdocs/uni_project/" local="130972510793981612" remote="130972510790000000" Dst="2" />
<file name="bootstrap.css.map" server="C:/xampp/htdocs/uni_project/" local="130972360572048992" remote="130972360570000000" Dst="2" />
<file name="bootstrap.min.css" server="C:/xampp/htdocs/uni_project/" local="130990479707725526" remote="130990479700000000" Dst="2" />
<file name="bootstrap.min.css.map" server="C:/xampp/htdocs/uni_project/" local="130972360572361339" remote="130972360570000000" Dst="2" />
</dwsync>