<?xml version="1.0" encoding="utf-8" ?>
<dwsync>
<file name="index.html" server="C:/wamp/www/uni_project/" local="130991566476048510" remote="130991566470000000" Dst="1" />
<file name="jquery-ui.css" server="C:/wamp/www/uni_project/" local="130991564602412154" remote="130991564600000000" Dst="2" />
<file name="jquery-ui.js" server="C:/wamp/www/uni_project/" local="130705247740000000" remote="130705247740000000" Dst="2" />
<file name="jquery-ui.min.css" server="C:/wamp/www/uni_project/" local="130705247740000000" remote="130705247740000000" Dst="1" />
<file name="jquery-ui.min.js" server="C:/wamp/www/uni_project/" local="130705247740000000" remote="130705247740000000" Dst="1" />
<file name="jquery-ui.structure.css" server="C:/wamp/www/uni_project/" local="130705247740000000" remote="130705247740000000" Dst="1" />
<file name="jquery-ui.structure.min.css" server="C:/wamp/www/uni_project/" local="130705247740000000" remote="130705247740000000" Dst="1" />
<file name="jquery-ui.theme.css" server="C:/wamp/www/uni_project/" local="130705247740000000" remote="130705247740000000" Dst="1" />
<file name="jquery-ui.theme.min.css" server="C:/wamp/www/uni_project/" local="130705247740000000" remote="130705247740000000" Dst="1" />
<file name="index.html" server="C:/xampp/htdocs/uni_project/" local="130991566476048510" remote="130991566470000000" Dst="2" />
<file name="jquery-ui.css" server="C:/xampp/htdocs/uni_project/" local="130991564602412154" remote="130991564600000000" Dst="2" />
<file name="jquery-ui.js" server="C:/xampp/htdocs/uni_project/" local="130705247740000000" remote="130705247740000000" Dst="2" />
<file name="jquery-ui.min.css" server="C:/xampp/htdocs/uni_project/" local="130705247740000000" remote="130705247740000000" Dst="2" />
<file name="jquery-ui.min.js" server="C:/xampp/htdocs/uni_project/" local="130705247740000000" remote="130705247740000000" Dst="2" />
<file name="jquery-ui.structure.css" server="C:/xampp/htdocs/uni_project/" local="130705247740000000" remote="130705247740000000" Dst="2" />
<file name="jquery-ui.structure.min.css" server="C:/xampp/htdocs/uni_project/" local="130705247740000000" remote="130705247740000000" Dst="2" />
<file name="jquery-ui.theme.css" server="C:/xampp/htdocs/uni_project/" local="130705247740000000" remote="130705247740000000" Dst="2" />
<file name="jquery-ui.theme.min.css" server="C:/xampp/htdocs/uni_project/" local="130705247740000000" remote="130705247740000000" Dst="2" />
</dwsync>