<?xml version="1.0" encoding="utf-8" ?>
<dwsync>
<file name="index.php" server="C:/wamp/www/uni_project/" local="130994148304963883" remote="130994148300000000" Dst="1" />
<file name="register.php" server="C:/wamp/www/uni_project/" local="130990899243145109" remote="130990899240000000" Dst="1" />
<file name="login.php" server="C:/wamp/www/uni_project/" local="130990905087856624" remote="130990905080000000" Dst="1" />
<file name="blog.php" server="C:/wamp/www/uni_project/" local="130997669570717721" remote="130997669570000000" Dst="2" />
<file name="factor.php" server="C:/wamp/www/uni_project/" local="130999402472296919" remote="130999402470000000" Dst="1" />
<file name="blog - Copy.php" server="C:/wamp/www/uni_project/" local="131002113844303268" remote="131002113840000000" Dst="1" />
<file name="jquery.isotope.js" server="C:/wamp/www/uni_project/" local="131002158323153541" remote="131002158320000000" Dst="1" />
<file name="style.css" server="C:/wamp/www/uni_project/" local="131002111415459450" remote="131002111410000000" Dst="1" />
<file name="index.php" server="C:/xampp/htdocs/uni_project" local="130994148304963883" remote="130994148300000000" Dst="2" />
<file name="blog - Copy.php" server="C:/xampp/htdocs/uni_project/" local="131002113844303268" remote="131002113840000000" Dst="2" />
<file name="blog.php" server="C:/xampp/htdocs/uni_project/" local="131034761022637320" remote="131034761020000000" Dst="2" />
<file name="factor.php" server="C:/xampp/htdocs/uni_project/" local="130999402472296919" remote="130999402470000000" Dst="2" />
<file name="index.php" server="C:/xampp/htdocs/uni_project/" local="130994148304963883" remote="130994148300000000" Dst="2" />
<file name="jquery.isotope.js" server="C:/xampp/htdocs/uni_project/" local="131002158323153541" remote="131002158320000000" Dst="2" />
<file name="login.php" server="C:/xampp/htdocs/uni_project/" local="130990905087856624" remote="130990905080000000" Dst="2" />
<file name="register.php" server="C:/xampp/htdocs/uni_project/" local="130990899243145109" remote="130990899240000000" Dst="2" />
<file name="style.css" server="C:/xampp/htdocs/uni_project/" local="131002111415459450" remote="131002111410000000" Dst="2" />
</dwsync>