<?xml version="1.0" encoding="utf-8" ?>
<dwsync>
<file name="animated.less" server="C:/wamp/www/uni_project/" local="130986216382963358" remote="130986216380000000" Dst="1" />
<file name="bordered-pulled.less" server="C:/wamp/www/uni_project/" local="130986216382963358" remote="130986216380000000" Dst="1" />
<file name="core.less" server="C:/wamp/www/uni_project/" local="130986216382963358" remote="130986216380000000" Dst="1" />
<file name="fixed-width.less" server="C:/wamp/www/uni_project/" local="130986216383275982" remote="130986216380000000" Dst="1" />
<file name="font-awesome.less" server="C:/wamp/www/uni_project/" local="130986216383275982" remote="130986216380000000" Dst="1" />
<file name="icons.less" server="C:/wamp/www/uni_project/" local="130986216383900660" remote="130986216380000000" Dst="1" />
<file name="larger.less" server="C:/wamp/www/uni_project/" local="130986216383900660" remote="130986216380000000" Dst="1" />
<file name="list.less" server="C:/wamp/www/uni_project/" local="130986216383900660" remote="130986216380000000" Dst="1" />
<file name="mixins.less" server="C:/wamp/www/uni_project/" local="130986216384057185" remote="130986216380000000" Dst="1" />
<file name="path.less" server="C:/wamp/www/uni_project/" local="130986216384213207" remote="130986216380000000" Dst="1" />
<file name="rotated-flipped.less" server="C:/wamp/www/uni_project/" local="130986216384525939" remote="130986216380000000" Dst="1" />
<file name="stacked.less" server="C:/wamp/www/uni_project/" local="130986216384838449" remote="130986216380000000" Dst="1" />
<file name="variables.less" server="C:/wamp/www/uni_project/" local="130986216384994743" remote="130986216380000000" Dst="1" />
<file name="animated.less" server="C:/xampp/htdocs/uni_project/" local="130986216382963358" remote="130986216380000000" Dst="2" />
<file name="bordered-pulled.less" server="C:/xampp/htdocs/uni_project/" local="130986216382963358" remote="130986216380000000" Dst="2" />
<file name="core.less" server="C:/xampp/htdocs/uni_project/" local="130986216382963358" remote="130986216380000000" Dst="2" />
<file name="fixed-width.less" server="C:/xampp/htdocs/uni_project/" local="130986216383275982" remote="130986216380000000" Dst="2" />
<file name="font-awesome.less" server="C:/xampp/htdocs/uni_project/" local="130986216383275982" remote="130986216380000000" Dst="2" />
<file name="icons.less" server="C:/xampp/htdocs/uni_project/" local="130986216383900660" remote="130986216380000000" Dst="2" />
<file name="larger.less" server="C:/xampp/htdocs/uni_project/" local="130986216383900660" remote="130986216380000000" Dst="2" />
<file name="list.less" server="C:/xampp/htdocs/uni_project/" local="130986216383900660" remote="130986216380000000" Dst="2" />
<file name="mixins.less" server="C:/xampp/htdocs/uni_project/" local="130986216384057185" remote="130986216380000000" Dst="2" />
<file name="path.less" server="C:/xampp/htdocs/uni_project/" local="130986216384213207" remote="130986216380000000" Dst="2" />
<file name="rotated-flipped.less" server="C:/xampp/htdocs/uni_project/" local="130986216384525939" remote="130986216380000000" Dst="2" />
<file name="stacked.less" server="C:/xampp/htdocs/uni_project/" local="130986216384838449" remote="130986216380000000" Dst="2" />
<file name="variables.less" server="C:/xampp/htdocs/uni_project/" local="130986216384994743" remote="130986216380000000" Dst="2" />
</dwsync>