<?xml version="1.0" encoding="utf-8" ?>
<dwsync>
<file name="glyphicons-halflings-regular.eot" server="C:/wamp/www/my_first_responsive_web/" local="130972360572673886" remote="130972360570000000" Dst="1" />
<file name="glyphicons-halflings-regular.svg" server="C:/wamp/www/my_first_responsive_web/" local="130972360573142634" remote="130972360570000000" Dst="1" />
<file name="glyphicons-halflings-regular.ttf" server="C:/wamp/www/my_first_responsive_web/" local="130972360573455150" remote="130972360570000000" Dst="1" />
<file name="glyphicons-halflings-regular.woff" server="C:/wamp/www/my_first_responsive_web/" local="130972360573611644" remote="130972360570000000" Dst="1" />
<file name="glyphicons-halflings-regular.woff2" server="C:/wamp/www/my_first_responsive_web/" local="130972360573767671" remote="130972360570000000" Dst="1" />
<file name="glyphicons-halflings-regular.eot" server="C:/wamp/www/uni_project/" local="130972360572673886" remote="130972360570000000" Dst="1" />
<file name="glyphicons-halflings-regular.svg" server="C:/wamp/www/uni_project/" local="130972360573142634" remote="130972360570000000" Dst="1" />
<file name="glyphicons-halflings-regular.ttf" server="C:/wamp/www/uni_project/" local="130972360573455150" remote="130972360570000000" Dst="1" />
<file name="glyphicons-halflings-regular.woff" server="C:/wamp/www/uni_project/" local="130972360573611644" remote="130972360570000000" Dst="1" />
<file name="glyphicons-halflings-regular.woff2" server="C:/wamp/www/uni_project/" local="130972360573767671" remote="130972360570000000" Dst="1" />
<file name="glyphicons-halflings-regular.eot" server="C:/xampp/htdocs/uni_project/" local="130972360572673886" remote="130972360570000000" Dst="2" />
<file name="glyphicons-halflings-regular.svg" server="C:/xampp/htdocs/uni_project/" local="130972360573142634" remote="130972360570000000" Dst="2" />
<file name="glyphicons-halflings-regular.ttf" server="C:/xampp/htdocs/uni_project/" local="130972360573455150" remote="130972360570000000" Dst="2" />
<file name="glyphicons-halflings-regular.woff" server="C:/xampp/htdocs/uni_project/" local="130972360573611644" remote="130972360570000000" Dst="2" />
<file name="glyphicons-halflings-regular.woff2" server="C:/xampp/htdocs/uni_project/" local="130972360573767671" remote="130972360570000000" Dst="2" />
</dwsync>