<?xml version="1.0" encoding="utf-8" ?>
<dwsync>
<file name="jquery-1.11.1.min.js" server="C:/wamp/www/uni_project/" local="130991529010000000" remote="130991529010000000" Dst="2" />
<file name="script.js" server="C:/wamp/www/uni_project/" local="130988244969768683" remote="130988244960000000" Dst="1" />
<file name="site.js" server="C:/wamp/www/uni_project/" local="130989869757752509" remote="130989869750000000" Dst="2" />
<file name="new.js" server="C:/wamp/www/uni_project/" local="130989008841631874" remote="130989008840000000" Dst="1" />
<file name="jquery_function.js" server="C:/wamp/www/uni_project/" local="130991587688918523" remote="130991587680000000" Dst="2" />
<file name="jquery-1.11.1.min.js" server="C:/xampp/htdocs/uni_project" local="130991529010000000" remote="130991529010000000" Dst="2" />
<file name="site.js" server="C:/xampp/htdocs/uni_project" local="130989869757752509" remote="130989869750000000" Dst="2" />
<file name="jquery-1.11.1.min.js" server="C:/xampp/htdocs/uni_project/" local="130991529010000000" remote="130991529010000000" Dst="2" />
<file name="jquery_function.js" server="C:/xampp/htdocs/uni_project/" local="130991587688918523" remote="130991587680000000" Dst="2" />
<file name="new.js" server="C:/xampp/htdocs/uni_project/" local="130989008841631874" remote="130989008840000000" Dst="2" />
<file name="script.js" server="C:/xampp/htdocs/uni_project/" local="130988244969768683" remote="130988244960000000" Dst="2" />
<file name="site.js" server="C:/xampp/htdocs/uni_project/" local="130989869757752509" remote="130989869750000000" Dst="2" />
</dwsync>