<?xml version="1.0" encoding="utf-8" ?>
<dwsync>
<file name="fontawesome-webfont.eot" server="C:/wamp/www/uni_project/" local="130986216380931866" remote="130986216380000000" Dst="1" />
<file name="fontawesome-webfont.svg" server="C:/wamp/www/uni_project/" local="130986216381556790" remote="130986216380000000" Dst="1" />
<file name="fontawesome-webfont.ttf" server="C:/wamp/www/uni_project/" local="130986216381869306" remote="130986216380000000" Dst="1" />
<file name="fontawesome-webfont.woff" server="C:/wamp/www/uni_project/" local="130986216382181832" remote="130986216380000000" Dst="1" />
<file name="fontawesome-webfont.woff2" server="C:/wamp/www/uni_project/" local="130986216382494497" remote="130986216380000000" Dst="1" />
<file name="FontAwesome.otf" server="C:/wamp/www/uni_project/" local="130986216382806854" remote="130986216380000000" Dst="1" />
<file name="fontawesome-webfont.eot" server="C:/xampp/htdocs/uni_project/" local="130986216380931866" remote="130986216380000000" Dst="2" />
<file name="fontawesome-webfont.svg" server="C:/xampp/htdocs/uni_project/" local="130986216381556790" remote="130986216380000000" Dst="2" />
<file name="fontawesome-webfont.ttf" server="C:/xampp/htdocs/uni_project/" local="130986216381869306" remote="130986216380000000" Dst="2" />
<file name="fontawesome-webfont.woff" server="C:/xampp/htdocs/uni_project/" local="130986216382181832" remote="130986216380000000" Dst="2" />
<file name="fontawesome-webfont.woff2" server="C:/xampp/htdocs/uni_project/" local="130986216382494497" remote="130986216380000000" Dst="2" />
<file name="FontAwesome.otf" server="C:/xampp/htdocs/uni_project/" local="130986216382806854" remote="130986216380000000" Dst="2" />
</dwsync>